id;date;content;is_solution
1;2019-09-02T21:30:36;archive Fantastic Plastic Chicken;false
2;2019-09-02T20:29:14;New York tangible Mississippi;false
3;2019-09-03T09:35:56;bus synthesize Idaho;true
4;2019-09-03T06:19:25;Sleek Metal Table Small;false
5;2019-09-03T09:52:47;Outdoors;true
6;2019-09-03T01:03:37;Montana;true
7;2019-09-02T14:41:16;Phased;false
8;2019-09-02T23:30:47;white Brand Money Market Account;true
9;2019-09-03T08:35:59;Web virtual deposit;true
10;2019-09-03T01:30:44;mint green e-business EXE;false
